{"version": 1, "notes": "", "documentation": "\"This file is a QMK Configurator export. You can import this at <https://config.qmk.fm>. It can also be used directly with QMK's source code.\n\nTo setup your QMK environment check out the tutorial: <https://docs.qmk.fm/#/newbs>\n\nYou can convert this file to a keymap.c using this command: `qmk json2c {keymap}`\n\nYou can compile this keymap using this command: `qmk compile {keymap}`\"\n", "keyboard": "handwired/dactyl_manuform/5x6", "keymap": "layout_5x6_mine", "layout": "LAYOUT_5x6", "layers": [["KC_GRV", "KC_1", "KC_2", "KC_3", "KC_4", "KC_5", "KC_6", "KC_7", "KC_8", "KC_9", "KC_0", "KC_BSPC", "KC_TAB", "KC_Q", "KC_W", "KC_E", "KC_R", "KC_T", "KC_Y", "KC_U", "KC_I", "KC_O", "KC_P", "KC_MINS", "KC_ESC", "KC_A", "KC_S", "KC_D", "KC_F", "KC_G", "KC_H", "KC_J", "KC_K", "KC_L", "KC_SCLN", "KC_QUOT", "KC_LSFT", "KC_Z", "KC_X", "KC_C", "KC_V", "KC_B", "KC_N", "KC_M", "KC_COMM", "KC_DOT", "KC_SLSH", "KC_RSFT", "KC_PPLS", "KC_EQL", "KC_LBRC", "KC_RBRC", "MO(2)", "KC_SPC", "KC_ENT", "MO(1)", "KC_LCTL", "KC_LGUI", "KC_RGUI", "KC_RCTL", "KC_LALT", "KC_HOME", "KC_END", "KC_RALT"], ["KC_TILD", "KC_EXLM", "KC_AT", "KC_HASH", "KC_DLR", "KC_PERC", "KC_CIRC", "KC_AMPR", "KC_ASTR", "KC_LPRN", "KC_RPRN", "KC_BSPC", "KC_NO", "KC_NO", "KC_NO", "KC_NO", "KC_LBRC", "KC_NO", "KC_NO", "KC_RBRC", "KC_NO", "KC_NO", "KC_NO", "KC_UNDS", "KC_TILD", "KC_EXLM", "KC_AT", "KC_HASH", "KC_DLR", "KC_PERC", "KC_CIRC", "KC_AMPR", "KC_ASTR", "KC_LPRN", "KC_RPRN", "KC_DQUO", "KC_NO", "KC_NO", "KC_NO", "KC_NO", "KC_NO", "KC_NO", "KC_PIPE", "KC_PIPE", "KC_LT", "KC_GT", "KC_BSLS", "KC_UNDS", "KC_TRNS", "KC_TRNS", "KC_TRNS", "KC_TRNS", "KC_TRNS", "KC_TRNS", "KC_TRNS", "KC_TRNS", "KC_TRNS", "KC_TRNS", "KC_TRNS", "KC_TRNS", "KC_TRNS", "KC_TRNS", "KC_TRNS", "KC_TRNS"], ["KC_F12", "KC_F1", "KC_F2", "KC_F3", "KC_F4", "KC_F5", "KC_F6", "KC_F7", "KC_F8", "KC_F9", "KC_F10", "KC_BSPC", "KC_F11", "KC_P1", "KC_P2", "KC_P3", "KC_P4", "KC_P5", "KC_P6", "KC_P7", "KC_P8", "KC_P9", "KC_P0", "KC_UNDS", "KC_NO", "KC_LBRC", "KC_RBRC", "KC_LPRN", "KC_RPRN", "KC_NO", "KC_LEFT", "KC_RGHT", "KC_UP", "KC_RGHT", "KC_NO", "KC_VOLU", "KC_NO", "KC_NO", "KC_NO", "KC_NO", "KC_NO", "KC_NO", "KC_NO", "KC_NO", "KC_TRNS", "KC_TRNS", "KC_NO", "KC_VOLD", "KC_TRNS", "KC_TRNS", "KC_TRNS", "KC_TRNS", "KC_TRNS", "KC_TRNS", "KC_TRNS", "KC_TRNS", "KC_TRNS", "KC_TRNS", "KC_TRNS", "KC_TRNS", "KC_TRNS", "KC_TRNS", "KC_TRNS", "KC_TRNS"]], "author": ""}
